<?xml version="1.0" encoding="UTF-8"?>
<!DOCTYPE suite SYSTEM "https://testng.org/testng-1.0.dtd">
<suite name="Failed suite [Default Suite]" guice-stage="DEVELOPMENT">
  <test thread-count="5" name="Attendence_Tracking(failed)">
    <classes>
      <class name="login.AddCustomer">
        <methods>
          <include name="addCustomer"/>
          <include name="setUp"/>
          <include name="tearDown"/>
        </methods>
      </class> <!-- login.AddCustomer -->
    </classes>
  </test> <!-- Attendence_Tracking(failed) -->
</suite> <!-- Failed suite [Default Suite] -->
